pr_auc,roc_auc,f1,recall,precision,balanced_accuracy,brier_score,threshold
0.6363006578842332,0.8417215634606939,0.6163069544364509,0.6871657754010695,0.558695652173913,0.7455152548502932,0.13744839732256656,0.36
